{
  "Logistic Regression": {
    "accuracy": 0.9787898598096898,
    "precision": 0.9778788505271863,
    "recall": 0.9818030858645264,
    "f1": 0.9798370390829996,
    "auc": 0.9975271646082701
  },
  "Decision Tree": {
    "accuracy": 0.9219147236144404,
    "precision": 0.8902988389061608,
    "recall": 0.9708710994257248,
    "f1": 0.9288409346660489,
    "auc": 0.9487007286106193
  },
  "SVM (LinearSVC)": {
    "accuracy": 0.9842013510568751,
    "precision": 0.9826470183170363,
    "recall": 0.9873382688715145,
    "f1": 0.9849870578084555,
    "auc": 0.9981469794304597
  },
  "Na\u00efve Bayes": {
    "accuracy": 0.9416357957434445,
    "precision": 0.9662456445993032,
    "recall": 0.9209852625752439,
    "f1": 0.9430727266286443,
    "auc": 0.9864761205340582
  },
  "Random Forest": {
    "accuracy": 0.9777002978136122,
    "precision": 0.9774373835644794,
    "recall": 0.98014253096243,
    "f1": 0.9787880881641677,
    "auc": 0.9973648084787697
  }
}